"Province","TotalEmergencyBedsForMales","TotalProvincialPopulationMale","EmergencyBedsForMalesPer100K","PREABBR","Year"
"AB",389,2169133,18,"Alta.",2017
"BC",356,2389487,15,"B.C.",2017
"NB",45,375405,12,"N.B.",2017
"NL",9,260610,3,"N.L.",2017
"NS",120,467841,26,"N.S.",2017
"ON",2663,6980810,38,"Ont.",2017
"PI",7,74355,9,"P.E.I.",2017
"QC",971,4174425,23,"Que.",2017
"SK",118,586867,20,"Sask.",2017
"MB",0,666770,0,"Man.",2017
